﻿[
    {
        "contact_info":  {
                             "email":  "info@rogaikopyta.com",
                             "phone":  "+79001234567"
                         },
        "name":  "ООО Рога и Копыта",
        "id":  1
    },
    {
        "contact_info":  {
                             "email":  "petrov@example.com",
                             "phone":  "+79007654321"
                         },
        "name":  "ИП Петров",
        "id":  2
    },
    {
        "contact_info":  {
                             "email":  "",
                             "phone":  ""
                         },
        "name":  "",
        "id":  3
    },
    {
        "contact_info":  {
                             "email":  "",
                             "phone":  ""
                         },
        "name":  "",
        "id":  4
    },
    {
        "contact_info":  {
                             "email":  "",
                             "phone":  ""
                         },
        "name":  "",
        "id":  5
    },
    {
        "contact_info":  {
                             "email":  "",
                             "phone":  ""
                         },
        "name":  "",
        "id":  6
    },
    {
        "contact_info":  {
                             "email":  "",
                             "phone":  ""
                         },
        "name":  "",
        "id":  7
    },
    {
        "contact_info":  {
                             "email":  "",
                             "phone":  ""
                         },
        "name":  "",
        "id":  8
    },
    {
        "contact_info":  {
                             "email":  "",
                             "phone":  ""
                         },
        "name":  "",
        "id":  9
    },
    {
        "contact_info":  {
                             "email":  "test@example.com",
                             "phone":  "+79998887766"
                         },
        "name":  "ООО Тест",
        "id":  10
    },
    {
        "id":  20,
        "name":  "",
        "contact_info":  {
                             "email":  "",
                             "phone":  ""
                         }
    },
    {
        "contact_info":  {
                             "email":  "test@example.com",
                             "phone":  "+79998887766"
                         },
        "name":  " Тест",
        "id":  21
    },
    {
        "contact_info":  {
                             "email":  "test@example.com",
                             "phone":  "+79998887766"
                         },
        "name":  " Тест",
        "id":  22
    },
    {
        "contact_info":  {
                             "email":  "test@example.com",
                             "phone":  "+79998887766"
                         },
        "name":  " Тест",
        "id":  23
    },
    {
        "contact_info":  {
                             "email":  "msc@example.com",
                             "phone":  "+79998887766"
                         },
        "name":  "осква",
        "id":  24
    },
    {
        "contact_info":  {
                             "email":  "msvc@example.com",
                             "phone":  "+79998887766"
                         },
        "name":  "москва",
        "id":  25
    }
]
