﻿[
    {
        "name":  "Порт СПб",
        "id":  1,
        "coordinates":  {
                            "lat":  59.9343,
                            "lng":  30.3351
                        },
        "country":  "Россия"
    },
    {
        "name":  "Порт Новороссийск",
        "id":  2,
        "coordinates":  {
                            "lat":  44.7178,
                            "lng":  37.7653
                        },
        "country":  "Россия"
    },
    {
        "name":  "Порт Одесса",
        "id":  3,
        "coordinates":  {
                            "lat":  46.4775,
                            "lng":  30.7326
                        },
        "country":  "Украина"
    }
]
